patron_id,join_date,lapse_date,membership_tier,total_visits,last_visit_date,acquisition_channel
5188,2022-11-30,2023-06-19,Dual,32,2023-06-19,Event
3920,2022-12-05,2024-02-14,Individual,35,2024-02-14,At Door
4794,2024-04-11,2025-08-18,Dual,34,2025-08-18,At Door
5410,2024-03-25,,Dual,25,2026-03-30,Event
5314,2023-01-26,,Family,11,2026-03-04,Event
3386,2022-08-24,,Dual,21,2026-03-16,Online
1860,2022-05-06,,Family,16,2026-03-06,Email Campaign
6659,2022-08-09,,Individual,40,2026-04-26,Online
7643,2023-07-15,2024-02-29,Dual,12,2024-02-29,Event
1943,2023-04-05,,Dual,13,2026-03-04,Gift
2635,2023-12-14,,Individual,25,2026-04-12,Online
2504,2023-02-23,,Individual,22,2026-03-08,At Door
2738,2023-06-24,,Dual,4,2026-04-07,Event
58,2022-02-27,2023-01-08,Dual,11,2023-01-08,Online
3440,2023-01-12,,Individual,35,2026-04-19,Event
3253,2022-09-20,2024-07-19,Individual,7,2024-07-19,Online
5063,2022-08-22,,Dual,9,2026-03-24,Online
1605,2023-05-04,,Individual,28,2026-04-18,Online
7051,2025-01-25,,Dual,10,2026-04-25,Online
4405,2024-02-07,2025-09-03,Dual,27,2025-09-03,Online
978,2023-01-03,,Individual,24,2026-04-04,Online
7949,2023-06-01,,Individual,9,2026-03-30,Event
3694,2024-03-29,,Individual,9,2026-04-22,Gift
2673,2022-10-17,2026-03-21,Individual,15,2026-03-21,Online
2787,2025-02-26,2025-08-04,Dual,39,2025-08-04,Email Campaign
5231,2022-07-14,,Individual,23,2026-04-01,Event
5654,2022-05-18,2025-12-27,Family,15,2025-12-27,Online
6556,2023-08-03,,Benefactor,26,2026-03-13,Email Campaign
1664,2023-04-29,,Individual,30,2026-04-24,At Door
4901,2023-12-11,,Individual,25,2026-04-14,Online
7652,2022-12-09,,Individual,28,2026-03-12,Gift
5538,2022-06-12,,Family,7,2026-03-28,Event
462,2023-02-03,,Patron,11,2026-04-08,Email Campaign
4277,2024-07-11,,Family,33,2026-03-03,Online
6772,2022-04-08,2025-06-08,Individual,26,2025-06-08,Online
1864,2023-08-29,,Benefactor,18,2026-04-20,Online
1266,2023-04-12,,Family,37,2026-04-06,Gift
2233,2022-09-15,2023-06-13,Individual,12,2023-06-13,Gift
3823,2023-06-19,,Dual,20,2026-04-24,Event
6411,2022-07-16,,Patron,29,2026-03-27,Online
6075,2023-02-13,,Individual,2,2026-03-08,Online
7907,2023-10-18,,Individual,36,2026-04-09,Event
2497,2022-04-11,,Family,13,2026-04-12,At Door
6120,2023-11-18,,Individual,7,2026-04-25,Gift
1528,2022-04-21,2025-12-26,Family,25,2025-12-26,Online
1510,2024-03-20,,Individual,16,2026-04-08,Online
1919,2022-09-20,,Individual,19,2026-03-28,Online
1688,2022-07-06,,Patron,13,2026-04-03,Event
192,2023-05-31,,Patron,30,2026-04-15,Online
362,2022-03-24,,Family,38,2026-04-08,Online
7270,2024-05-06,2025-10-22,Dual,12,2025-10-22,At Door
1271,2023-03-06,,Individual,14,2026-03-22,Event
6896,2022-07-06,,Individual,31,2026-03-06,Event
7484,2023-03-14,,Individual,28,2026-03-10,Email Campaign
6396,2022-06-26,2026-01-13,Dual,14,2026-01-13,Online
719,2024-06-20,2025-03-07,Patron,11,2025-03-07,Gift
647,2023-01-18,2025-04-14,Individual,25,2025-04-14,Online
7312,2023-09-27,,Family,12,2026-04-26,Event
1835,2025-02-21,2025-08-01,Family,27,2025-08-01,At Door
1501,2024-08-21,,Patron,35,2026-03-07,Event
1967,2025-09-21,,Patron,26,2026-03-16,Email Campaign
6897,2022-08-05,2026-01-27,Individual,16,2026-01-27,Online
6269,2023-04-21,,Family,19,2026-04-15,Gift
1530,2022-12-19,,Dual,5,2026-03-12,Online
3447,2024-08-26,,Individual,39,2026-04-16,Gift
6919,2025-01-24,,Dual,9,2026-04-09,Event
1955,2025-07-23,2026-02-24,Individual,15,2026-02-24,Event
2552,2024-04-19,,Individual,15,2026-04-21,Gift
4729,2023-01-12,,Dual,23,2026-04-22,Online
5926,2023-03-03,2025-04-30,Individual,21,2025-04-30,Online
6860,2023-04-29,,Family,6,2026-03-09,Online
6914,2022-05-30,,Dual,1,2026-03-03,Online
2664,2022-12-05,,Dual,22,2026-04-13,Gift
5840,2026-02-23,,Individual,36,2026-04-08,Online
5402,2024-04-12,,Benefactor,9,2026-03-08,Online
5548,2022-08-16,,Dual,40,2026-03-23,Email Campaign
2108,2023-04-08,,Dual,34,2026-03-10,Email Campaign
4466,2023-05-31,,Dual,5,2026-04-12,At Door
5029,2022-10-27,,Individual,35,2026-04-13,Online
6521,2023-02-03,,Individual,16,2026-03-22,Email Campaign
2512,2022-07-09,,Dual,36,2026-03-27,Online
2736,2023-10-01,2026-02-05,Family,3,2026-02-05,Email Campaign
2405,2023-10-23,,Individual,14,2026-04-10,Online
5771,2024-11-06,,Dual,26,2026-03-11,Event
7053,2022-11-26,,Benefactor,9,2026-04-20,At Door
7401,2023-08-04,,Dual,1,2026-03-11,Online
1193,2022-09-13,,Dual,38,2026-03-22,At Door
764,2024-07-05,,Individual,32,2026-03-03,Online
1395,2023-12-18,,Dual,6,2026-04-10,At Door
6115,2022-04-30,,Individual,6,2026-04-23,Online
6562,2023-05-30,,Family,9,2026-04-15,Gift
5266,2023-04-11,,Benefactor,29,2026-04-23,Email Campaign
4711,2024-06-07,2025-06-08,Individual,16,2025-06-08,Event
573,2024-05-04,2024-08-02,Dual,11,2024-08-02,Online
516,2023-07-02,,Dual,23,2026-04-09,Email Campaign
555,2024-03-15,2025-02-14,Dual,32,2025-02-14,Online
7391,2022-07-02,,Individual,39,2026-04-28,Gift
6961,2023-06-05,,Individual,18,2026-04-23,Online
3606,2022-04-28,2025-06-03,Family,10,2025-06-03,At Door
5500,2022-12-07,,Dual,32,2026-04-05,Online
3402,2023-07-17,,Patron,2,2026-04-15,Online
5911,2022-09-24,,Patron,11,2026-04-02,Event
4439,2024-03-10,2025-01-18,Family,26,2025-01-18,Gift
2785,2025-03-23,,Dual,5,2026-04-01,Event
6968,2023-01-05,,Individual,18,2026-03-01,Event
574,2022-03-29,,Dual,13,2026-04-22,Email Campaign
1607,2024-03-29,,Family,40,2026-03-23,Online
1852,2022-04-27,,Dual,21,2026-04-17,Online
2334,2023-09-20,,Dual,37,2026-03-16,Online
4662,2022-12-23,2023-05-04,Benefactor,33,2023-05-04,Online
6913,2022-02-18,2023-12-26,Family,27,2023-12-26,Online
1923,2023-10-17,,Individual,40,2026-04-16,At Door
5905,2023-05-30,,Individual,10,2026-04-03,Online
3016,2024-08-28,,Dual,11,2026-03-02,Event
29,2023-02-03,,Patron,3,2026-04-29,Event
4994,2022-10-31,,Dual,34,2026-04-30,Gift
2143,2022-11-21,,Individual,35,2026-03-24,Event
7588,2023-01-01,,Individual,36,2026-04-23,Online
2571,2022-06-08,,Individual,22,2026-03-15,Event
2413,2022-04-29,,Dual,1,2026-03-07,At Door
4231,2024-02-11,,Individual,16,2026-03-25,Online
6107,2022-11-22,2025-12-10,Individual,4,2025-12-10,Online
5968,2023-09-12,,Individual,22,2026-03-21,Gift
5588,2022-01-14,,Patron,35,2026-03-09,Gift
2107,2022-10-22,,Dual,8,2026-04-04,Event
4125,2023-06-23,2024-07-30,Family,28,2024-07-30,Online
1210,2022-06-07,,Family,2,2026-03-02,Email Campaign
5413,2025-08-03,2026-02-16,Dual,37,2026-02-16,Event
7677,2022-02-07,,Individual,11,2026-03-11,Online
7044,2022-06-27,2025-05-27,Individual,37,2025-05-27,Online
4639,2024-10-16,,Individual,25,2026-03-28,Event
378,2022-05-15,2022-12-09,Individual,6,2022-12-09,Event
1102,2022-02-17,,Patron,28,2026-03-09,Email Campaign
3429,2024-03-01,,Dual,37,2026-03-23,At Door
7317,2023-12-05,,Family,16,2026-03-01,Gift
4702,2022-08-26,,Individual,12,2026-04-25,At Door
1730,2022-07-02,,Dual,10,2026-03-06,Event
1536,2025-04-20,,Individual,7,2026-04-12,At Door
4433,2022-11-19,,Dual,30,2026-03-07,Event
7137,2022-10-10,,Dual,31,2026-03-31,At Door
4163,2023-03-16,,Family,33,2026-03-18,Email Campaign
4310,2024-03-20,,Dual,39,2026-04-29,Email Campaign
5529,2022-12-16,,Family,16,2026-03-13,Email Campaign
5015,2023-02-21,,Dual,33,2026-03-21,Gift
6833,2024-01-09,2025-10-21,Individual,39,2025-10-21,Event
2381,2022-10-19,,Individual,13,2026-04-19,Event
586,2023-04-12,2023-09-09,Patron,6,2023-09-09,At Door
3913,2023-04-02,,Individual,20,2026-04-08,At Door
6856,2024-05-30,,Family,1,2026-04-28,Email Campaign
2603,2022-08-09,,Dual,11,2026-03-26,Email Campaign
7839,2023-03-19,,Individual,13,2026-03-06,At Door
7753,2022-02-16,,Benefactor,16,2026-03-05,At Door
2222,2022-09-20,,Family,6,2026-04-05,At Door
2079,2024-02-17,,Dual,32,2026-04-05,At Door
96,2023-03-16,,Individual,33,2026-03-19,Email Campaign
3917,2022-07-14,,Family,30,2026-03-30,Online
1731,2022-10-20,,Individual,17,2026-03-02,Online
468,2024-05-16,,Dual,26,2026-03-20,At Door
1469,2023-03-28,,Patron,12,2026-04-04,Event
1205,2022-03-11,2025-01-30,Dual,36,2025-01-30,At Door
1935,2022-04-13,2024-09-08,Individual,33,2024-09-08,Online
7729,2022-09-10,2025-10-24,Individual,28,2025-10-24,Online
2764,2024-01-07,2025-05-29,Benefactor,6,2025-05-29,Event
1635,2023-02-18,,Individual,22,2026-03-07,Online
2313,2022-12-08,,Dual,22,2026-04-09,Online
4649,2023-01-02,,Benefactor,35,2026-04-06,Online
5698,2023-02-16,,Family,13,2026-03-11,Event
5733,2023-03-03,,Individual,4,2026-04-30,At Door
3675,2023-01-24,2024-09-12,Individual,1,2024-09-12,At Door
4213,2023-01-17,2025-03-20,Individual,29,2025-03-20,Email Campaign
5342,2023-10-02,2025-09-04,Dual,6,2025-09-04,Gift
5155,2024-11-07,2025-03-31,Dual,24,2025-03-31,Gift
4558,2022-05-25,,Individual,10,2026-04-02,Event
4809,2022-11-01,,Patron,31,2026-03-16,Event
4847,2022-11-30,,Individual,1,2026-03-25,Event
2572,2023-05-15,,Dual,10,2026-04-11,Event
6731,2022-09-03,,Individual,22,2026-04-09,Email Campaign
6744,2022-05-19,,Benefactor,33,2026-03-19,Online
1525,2023-06-01,,Dual,19,2026-04-30,Email Campaign
2373,2023-04-04,2025-02-28,Individual,10,2025-02-28,At Door
7955,2022-08-29,2023-09-02,Dual,34,2023-09-02,Online
2167,2023-04-24,,Individual,18,2026-03-25,Gift
5908,2025-09-20,2025-12-23,Individual,29,2025-12-23,At Door
2829,2024-03-21,,Individual,18,2026-03-16,Online
7911,2022-12-23,,Individual,7,2026-04-15,Online
7534,2024-02-29,2025-05-15,Individual,28,2025-05-15,Online
6382,2022-07-01,2024-10-12,Dual,36,2024-10-12,Online
4096,2022-03-09,,Benefactor,1,2026-04-13,Email Campaign
5851,2023-01-24,,Family,14,2026-04-23,Event
154,2024-06-11,,Dual,28,2026-03-29,Event
7981,2023-02-19,2024-12-16,Benefactor,12,2024-12-16,Event
7429,2023-09-26,,Family,36,2026-04-07,Event
6247,2022-11-24,,Individual,30,2026-04-12,Online
3024,2022-10-25,,Dual,15,2026-03-14,Online
7610,2023-07-15,2024-06-02,Individual,18,2024-06-02,Event
4208,2023-04-21,2024-06-29,Dual,33,2024-06-29,Online
2583,2022-12-15,2026-01-14,Individual,6,2026-01-14,At Door
1898,2022-11-24,,Individual,10,2026-04-18,Event
7928,2023-07-27,2026-04-22,Dual,33,2026-04-22,At Door
425,2022-12-23,,Individual,30,2026-03-25,At Door
6437,2023-05-01,2026-02-16,Patron,5,2026-02-16,At Door
2917,2023-04-13,2025-01-13,Dual,10,2025-01-13,Online
4038,2022-03-20,2026-01-08,Individual,27,2026-01-08,Event
5611,2023-06-25,2025-01-31,Individual,2,2025-01-31,Event
6573,2022-02-19,2025-04-12,Dual,13,2025-04-12,Online
4705,2024-08-08,,Family,40,2026-03-09,Event
3300,2022-02-19,,Dual,34,2026-04-10,Online
5291,2023-02-10,2023-06-27,Family,31,2023-06-27,Event
2235,2022-05-24,,Dual,36,2026-04-13,Online
3825,2025-12-11,,Individual,26,2026-03-25,Gift
4415,2023-08-06,2025-05-03,Patron,28,2025-05-03,Email Campaign
7441,2024-02-03,,Benefactor,7,2026-04-12,At Door
4867,2023-07-15,,Patron,17,2026-04-22,Event
4445,2023-05-01,,Individual,35,2026-04-15,Gift
4425,2025-02-21,2025-10-20,Benefactor,24,2025-10-20,Event
4019,2024-08-11,,Dual,34,2026-03-12,Gift
3761,2023-12-19,,Individual,10,2026-04-08,Event
7961,2022-10-08,,Individual,7,2026-04-09,Online
7579,2023-07-24,,Individual,26,2026-03-23,Online
2978,2022-08-24,,Patron,2,2026-03-12,Event
11,2022-09-16,,Benefactor,29,2026-03-30,Gift
6804,2023-04-11,,Family,21,2026-03-23,At Door
6373,2023-05-22,2026-03-25,Patron,23,2026-03-25,Email Campaign
1232,2022-11-23,,Individual,5,2026-03-20,Online
4182,2024-04-20,2024-07-27,Individual,24,2024-07-27,Email Campaign
2962,2023-10-11,,Individual,13,2026-04-13,Event
5244,2023-03-26,2024-10-30,Individual,9,2024-10-30,Event
3210,2022-06-23,,Family,6,2026-03-03,Event
1364,2024-08-08,,Dual,17,2026-03-10,At Door
7998,2024-10-17,,Family,4,2026-03-06,Online
5273,2024-07-22,,Individual,32,2026-04-30,Online
4845,2023-05-25,,Family,12,2026-04-25,Online
6601,2023-11-29,,Benefactor,38,2026-04-08,Email Campaign
6999,2025-05-19,,Family,39,2026-03-11,At Door
361,2022-07-07,,Individual,10,2026-04-03,Gift
7233,2024-02-05,2024-08-15,Family,2,2024-08-15,Online
4114,2022-05-15,,Patron,22,2026-03-27,Online
6393,2023-10-26,2024-07-26,Individual,12,2024-07-26,At Door
5889,2023-01-01,2023-08-21,Individual,26,2023-08-21,At Door
260,2022-05-11,2022-12-05,Individual,30,2022-12-05,Online
6511,2022-10-19,2024-04-12,Dual,6,2024-04-12,Event
5202,2023-09-05,,Dual,17,2026-03-08,Online
6192,2024-09-09,,Dual,22,2026-04-04,Online
5064,2023-05-21,2024-03-12,Patron,34,2024-03-12,At Door
7115,2023-08-02,,Dual,8,2026-03-21,At Door
7245,2024-08-04,2025-07-17,Benefactor,19,2025-07-17,At Door
6929,2023-02-12,2024-12-30,Family,37,2024-12-30,At Door
1615,2025-07-22,,Dual,16,2026-03-13,Event
1258,2024-03-28,,Individual,5,2026-04-07,Online
3809,2023-06-17,,Individual,24,2026-04-26,Online
7811,2022-11-21,,Benefactor,36,2026-03-08,At Door
6239,2022-10-19,,Individual,12,2026-04-29,Event
4655,2022-10-01,2023-02-05,Individual,9,2023-02-05,At Door
261,2022-04-16,2023-03-30,Individual,17,2023-03-30,At Door
2403,2024-03-02,,Patron,37,2026-03-23,Gift
5105,2022-10-30,,Dual,35,2026-03-12,Email Campaign
3528,2024-02-21,,Individual,17,2026-03-19,Online
771,2022-10-25,2023-06-07,Patron,34,2023-06-07,Online
4025,2024-11-28,,Benefactor,21,2026-04-20,Event
4525,2023-12-20,,Individual,25,2026-03-16,Online
4543,2022-03-02,,Benefactor,34,2026-03-23,Online
3876,2023-10-14,2024-05-10,Family,32,2024-05-10,Online
6629,2022-11-17,,Benefactor,19,2026-04-25,At Door
3320,2022-10-16,,Dual,28,2026-04-14,Online
207,2022-08-08,,Patron,2,2026-03-01,Online
1184,2024-08-20,2024-12-16,Benefactor,33,2024-12-16,Online
2971,2023-09-09,,Family,14,2026-03-10,At Door
4220,2025-04-13,2025-11-23,Individual,28,2025-11-23,Event
1341,2022-09-15,2024-01-21,Patron,33,2024-01-21,At Door
5472,2023-05-09,2025-01-25,Benefactor,16,2025-01-25,Online
5928,2024-12-11,2025-11-01,Individual,4,2025-11-01,At Door
1819,2022-05-29,,Patron,8,2026-04-13,Gift
7765,2024-05-26,2024-09-30,Individual,35,2024-09-30,Event
3931,2024-02-04,,Family,4,2026-03-22,Event
5541,2024-05-17,,Dual,1,2026-04-20,Gift
3180,2022-02-13,2023-03-26,Dual,7,2023-03-26,Gift
3597,2025-02-02,,Dual,36,2026-04-27,Event
5946,2023-12-08,,Individual,12,2026-04-17,Online
7631,2023-06-01,,Patron,5,2026-04-16,Email Campaign
7797,2025-06-16,,Dual,11,2026-03-19,Event
392,2022-04-15,,Dual,30,2026-03-19,Gift
6083,2024-01-19,2026-04-08,Dual,31,2026-04-08,Event
4343,2023-06-21,2025-09-11,Dual,21,2025-09-11,Online
4917,2023-08-12,,Individual,18,2026-03-23,Event
1398,2022-01-13,2024-02-10,Patron,9,2024-02-10,Email Campaign
5191,2025-06-16,2025-12-18,Individual,35,2025-12-18,Online
3005,2022-06-25,,Individual,1,2026-04-01,Event
3772,2022-09-08,,Patron,24,2026-03-02,Event
446,2024-05-30,2026-01-03,Individual,35,2026-01-03,Gift
1086,2023-08-05,2024-03-23,Family,5,2024-03-23,Gift
6446,2022-12-07,,Individual,1,2026-04-11,Online
1500,2022-04-25,,Individual,10,2026-03-26,Gift
7260,2023-02-01,,Patron,15,2026-03-08,At Door
3073,2024-02-19,,Patron,25,2026-03-16,At Door
2865,2023-08-18,2024-08-24,Individual,24,2024-08-24,Event
7015,2024-04-21,,Individual,19,2026-03-21,Online
7659,2023-04-04,2026-03-25,Individual,26,2026-03-25,Online
2640,2023-01-18,2023-07-28,Individual,8,2023-07-28,Event
6830,2024-07-29,,Family,7,2026-04-06,Event
447,2023-02-19,2024-08-10,Individual,10,2024-08-10,Gift
4274,2022-03-19,2024-01-31,Individual,5,2024-01-31,Event
7843,2023-10-06,,Family,21,2026-04-25,Event
6996,2023-03-10,2023-06-26,Individual,29,2023-06-26,Event
706,2023-12-26,2025-11-26,Individual,36,2025-11-26,Event
722,2022-09-24,2023-12-09,Individual,27,2023-12-09,Gift
695,2024-12-20,,Family,36,2026-04-26,Gift
4062,2023-06-14,,Individual,23,2026-04-24,Online
7671,2022-10-18,,Individual,28,2026-04-29,Event
6548,2022-11-18,,Individual,22,2026-03-31,At Door
3626,2023-03-05,,Patron,38,2026-03-15,At Door
544,2022-12-31,,Dual,2,2026-03-28,At Door
4200,2024-02-03,,Individual,12,2026-04-21,Gift
7957,2023-03-03,,Dual,28,2026-04-23,Online
141,2022-08-03,,Individual,5,2026-03-22,Event
761,2024-06-03,2024-12-31,Individual,22,2024-12-31,At Door
598,2022-08-12,,Patron,32,2026-04-08,At Door
2935,2022-07-28,,Family,7,2026-03-25,At Door
6617,2022-01-31,,Benefactor,6,2026-04-16,At Door
327,2025-07-12,,Family,2,2026-03-25,Gift
6871,2023-03-19,,Individual,2,2026-04-16,Online
4376,2023-03-01,,Dual,3,2026-03-15,Online
6183,2023-10-28,,Dual,36,2026-04-15,At Door
7607,2022-03-29,,Benefactor,28,2026-04-26,Online
1303,2023-07-25,,Individual,15,2026-04-06,Event
542,2022-10-14,,Individual,34,2026-04-07,At Door
5270,2022-10-29,,Dual,4,2026-03-22,Online
3838,2024-08-06,2026-01-20,Dual,24,2026-01-20,At Door
5363,2023-10-16,,Individual,4,2026-03-29,Online
2146,2025-04-06,,Benefactor,40,2026-03-10,Gift
3420,2024-05-08,,Individual,38,2026-04-07,At Door
4500,2022-03-04,2024-04-07,Dual,6,2024-04-07,At Door
5904,2022-01-13,2025-09-26,Dual,13,2025-09-26,Gift
4696,2022-05-27,,Individual,20,2026-03-03,Gift
1948,2023-08-11,,Individual,4,2026-04-11,At Door
5566,2022-11-29,2023-05-06,Family,16,2023-05-06,Event
253,2024-08-29,,Family,16,2026-03-17,Event
1529,2025-05-31,2025-12-09,Benefactor,14,2025-12-09,At Door
3689,2023-07-04,,Dual,40,2026-03-02,Event
1735,2023-12-21,,Individual,27,2026-04-11,At Door
4483,2024-01-19,,Benefactor,38,2026-04-14,Event
6056,2022-09-30,2025-11-21,Dual,26,2025-11-21,Event
6053,2022-07-15,,Individual,34,2026-04-17,Gift
5637,2022-03-14,,Dual,7,2026-04-25,Gift
2098,2023-06-30,,Family,15,2026-03-15,Online
6935,2023-09-22,,Dual,31,2026-04-11,Gift
7340,2022-10-24,,Benefactor,9,2026-03-09,Gift
4171,2023-09-26,,Individual,32,2026-03-01,Event
5268,2024-04-02,,Patron,33,2026-03-07,Event
7300,2022-10-22,,Patron,5,2026-03-03,Email Campaign
7111,2024-02-23,,Individual,9,2026-04-18,Online
7269,2022-08-28,,Dual,2,2026-04-25,Gift
2563,2023-06-08,,Individual,10,2026-04-24,Gift
1901,2023-08-16,2025-04-26,Individual,26,2025-04-26,At Door
131,2022-06-14,2025-01-27,Individual,1,2025-01-27,Online
6200,2023-05-25,2025-11-25,Dual,17,2025-11-25,Email Campaign
177,2022-01-25,,Dual,3,2026-04-21,Online
7178,2025-06-22,,Dual,24,2026-03-01,Event
1336,2023-02-28,,Patron,21,2026-04-18,Online
5118,2024-02-10,2024-10-12,Individual,9,2024-10-12,Event
5723,2023-08-18,,Dual,20,2026-04-17,At Door
1518,2024-03-28,2026-01-23,Patron,15,2026-01-23,Online
5042,2023-01-07,,Patron,21,2026-03-15,Online
614,2023-01-20,,Individual,29,2026-04-01,Event
1359,2024-03-05,,Individual,32,2026-04-09,Online
348,2023-08-26,2025-03-09,Individual,13,2025-03-09,Email Campaign
7862,2024-08-21,,Individual,17,2026-03-02,Event
2750,2023-06-29,,Patron,38,2026-04-16,At Door
7866,2022-09-19,,Patron,37,2026-03-14,Event
2244,2023-03-01,,Dual,25,2026-04-07,Online
2372,2022-10-18,2024-09-23,Family,8,2024-09-23,Gift
5697,2024-09-28,,Patron,19,2026-03-28,Event
3079,2022-07-15,,Dual,22,2026-03-06,At Door
4022,2022-08-07,,Family,31,2026-03-17,Event
4186,2023-07-18,,Individual,30,2026-03-04,Online
2392,2022-04-21,,Individual,7,2026-03-11,Email Campaign
292,2025-07-18,,Individual,35,2026-04-24,Online
2890,2022-10-17,,Individual,26,2026-03-04,At Door
7549,2023-08-13,2025-04-10,Individual,26,2025-04-10,Event
5194,2023-03-29,,Individual,34,2026-04-16,At Door
4964,2023-12-04,2025-07-21,Dual,22,2025-07-21,Online
5393,2022-06-21,,Family,14,2026-03-07,Online
3223,2023-04-16,,Benefactor,36,2026-04-03,Online
6121,2024-10-20,,Family,38,2026-04-25,Online
7513,2024-01-28,2025-10-31,Dual,9,2025-10-31,At Door
6525,2022-06-25,2025-09-07,Individual,29,2025-09-07,Online
587,2024-02-20,2026-04-10,Individual,4,2026-04-10,At Door
6401,2022-12-29,,Family,23,2026-03-11,Online
5876,2022-12-25,,Individual,5,2026-03-29,Event
2889,2024-06-08,2025-11-05,Individual,33,2025-11-05,At Door
4000,2022-06-07,,Individual,32,2026-03-04,Event
2003,2023-02-13,,Family,1,2026-03-20,Online
2863,2023-04-25,,Family,36,2026-04-20,Online
7184,2022-09-20,,Individual,36,2026-04-19,Gift
1978,2023-03-27,,Dual,31,2026-03-16,At Door
5123,2023-04-21,,Individual,19,2026-03-13,Online
3410,2022-11-30,,Dual,16,2026-03-19,At Door
7619,2023-11-06,2025-06-27,Individual,35,2025-06-27,Event
4628,2025-07-05,2025-12-28,Dual,8,2025-12-28,Event
6017,2023-11-30,,Individual,21,2026-03-31,Email Campaign
4640,2023-12-28,2025-07-05,Family,8,2025-07-05,Event
2027,2025-02-19,,Family,18,2026-03-29,Online
7916,2023-05-19,,Family,22,2026-03-21,Event
4720,2023-07-02,,Family,40,2026-03-25,Online
2525,2022-05-10,2023-02-08,Individual,3,2023-02-08,Online
7793,2024-08-20,,Individual,22,2026-03-15,Event
2730,2022-10-07,,Individual,26,2026-04-14,Online
1612,2022-06-15,,Dual,17,2026-03-09,Event
1003,2024-08-11,,Individual,27,2026-04-06,Online
3193,2023-08-30,,Individual,8,2026-04-20,Online
785,2025-07-17,,Individual,14,2026-04-28,Gift
1277,2023-05-30,2024-02-29,Individual,31,2024-02-29,At Door
2597,2023-05-31,2025-12-14,Individual,29,2025-12-14,Event
7452,2024-05-25,,Dual,3,2026-03-11,Email Campaign
809,2025-01-13,,Individual,39,2026-03-02,Event
2330,2023-08-03,,Individual,9,2026-03-27,Event
5852,2023-10-11,2026-04-16,Family,4,2026-04-16,Online
551,2024-01-07,,Dual,27,2026-04-21,Online
591,2022-03-19,2022-09-14,Dual,39,2022-09-14,Event
345,2022-11-18,2024-11-07,Individual,6,2024-11-07,Online
862,2023-10-05,2025-05-30,Dual,19,2025-05-30,Online
2317,2023-07-26,,Individual,39,2026-03-17,At Door
1124,2022-04-29,,Individual,5,2026-04-01,Online
6008,2022-04-26,,Dual,34,2026-04-13,Event
4459,2023-12-02,2024-07-20,Individual,35,2024-07-20,Online
274,2024-01-01,,Individual,39,2026-04-21,Gift
7673,2023-07-31,,Individual,33,2026-03-07,Email Campaign
5172,2022-09-16,,Family,10,2026-04-11,Online
6012,2023-01-01,,Benefactor,20,2026-04-23,Gift
1431,2022-04-29,2024-02-24,Individual,34,2024-02-24,Gift
584,2022-12-24,2025-05-23,Benefactor,32,2025-05-23,Event
2524,2022-06-08,2026-02-27,Individual,8,2026-02-27,Event
2806,2024-05-08,2025-08-23,Dual,27,2025-08-23,At Door
7473,2022-09-26,,Family,23,2026-04-09,Event
7294,2022-04-03,,Dual,20,2026-04-13,Online
7132,2023-09-20,,Individual,37,2026-04-23,At Door
3556,2025-10-01,2026-03-01,Individual,13,2026-03-01,Event
5576,2023-05-05,,Individual,20,2026-04-25,Event
1337,2023-10-20,2026-01-25,Individual,34,2026-01-25,Online
3619,2023-02-16,2025-05-26,Individual,21,2025-05-26,Event
5590,2022-11-14,,Individual,19,2026-03-02,Online
2647,2022-06-04,,Individual,19,2026-04-15,Online
1096,2024-05-27,,Family,36,2026-03-15,At Door
3737,2023-01-16,2024-10-27,Patron,17,2024-10-27,Online
5820,2023-03-29,,Benefactor,5,2026-03-08,Online
219,2022-05-04,,Dual,8,2026-04-10,Email Campaign
3751,2022-04-26,2022-08-04,Individual,31,2022-08-04,Email Campaign
749,2022-08-12,,Individual,23,2026-03-24,At Door
413,2024-05-06,2025-03-24,Individual,17,2025-03-24,Online
3628,2022-03-16,2024-10-10,Individual,37,2024-10-10,At Door
7248,2022-08-27,2025-06-13,Individual,1,2025-06-13,Event
105,2022-11-16,,Dual,3,2026-03-08,Online
200,2023-01-09,2023-10-12,Individual,34,2023-10-12,At Door
3448,2023-08-10,,Patron,26,2026-04-26,Gift
6756,2023-02-12,,Patron,6,2026-03-09,Event
4553,2023-01-19,2026-03-18,Individual,12,2026-03-18,Online
5994,2024-08-31,2025-06-02,Individual,24,2025-06-02,Gift
4869,2023-12-17,,Individual,11,2026-04-18,At Door
7593,2022-05-17,2023-12-15,Dual,7,2023-12-15,Email Campaign
850,2024-09-23,,Dual,22,2026-03-22,At Door
895,2023-02-11,,Individual,7,2026-03-14,Gift
3072,2024-03-22,2025-09-12,Dual,9,2025-09-12,Online
2727,2024-01-02,,Patron,1,2026-03-02,Online
934,2023-01-31,,Dual,25,2026-03-25,Gift
2905,2023-11-03,,Family,17,2026-04-29,Event
1327,2024-08-03,,Benefactor,7,2026-03-13,Event
2464,2025-01-28,,Benefactor,40,2026-04-07,At Door
4350,2023-09-28,2025-05-14,Individual,8,2025-05-14,Email Campaign
7474,2023-07-04,2026-03-11,Dual,29,2026-03-11,Gift
5145,2025-06-09,,Individual,38,2026-03-09,Event
3501,2023-04-04,2025-10-26,Dual,23,2025-10-26,Online
765,2022-12-17,,Dual,11,2026-04-07,Event
822,2023-07-06,,Dual,4,2026-03-01,Event
4325,2024-07-02,,Individual,1,2026-03-09,Event
491,2024-07-08,,Individual,7,2026-04-13,Online
3144,2022-12-25,,Dual,38,2026-03-20,At Door
1424,2024-08-26,,Individual,30,2026-04-14,Event
2447,2024-06-20,,Patron,38,2026-03-08,Online
3293,2023-03-25,,Individual,7,2026-04-07,Email Campaign
755,2024-12-24,2026-01-04,Family,10,2026-01-04,Online
1001,2024-07-12,2025-09-09,Individual,9,2025-09-09,Online
2614,2023-12-04,,Dual,23,2026-03-10,Online
7187,2023-05-09,,Individual,22,2026-04-29,Online
4622,2023-11-11,,Dual,16,2026-04-09,Email Campaign
3475,2022-07-12,,Dual,36,2026-04-17,At Door
5193,2022-12-05,,Family,38,2026-04-19,Event
1143,2022-03-25,2023-03-18,Individual,10,2023-03-18,Event
6620,2023-06-07,,Patron,2,2026-03-15,Online
2273,2022-12-28,,Individual,4,2026-03-16,Email Campaign
5947,2022-05-29,,Dual,13,2026-04-08,At Door
4428,2023-04-22,,Individual,20,2026-04-04,Gift
1414,2024-11-26,,Dual,39,2026-03-18,At Door
794,2022-08-28,,Individual,5,2026-04-03,Event
4221,2023-08-01,,Individual,2,2026-04-03,At Door
6150,2023-01-14,,Dual,17,2026-03-11,Event
5137,2022-02-21,2025-06-19,Family,8,2025-06-19,Event
4731,2024-07-31,,Benefactor,17,2026-04-06,Gift
2690,2022-09-02,2025-07-13,Individual,7,2025-07-13,Event
2402,2024-07-23,,Benefactor,17,2026-04-03,Online
54,2022-06-30,,Dual,26,2026-04-20,Gift
5132,2023-04-07,,Individual,27,2026-04-08,Event
2792,2023-12-26,,Patron,26,2026-04-11,Event
1960,2022-10-15,,Individual,33,2026-04-28,Event
7954,2023-04-02,,Patron,9,2026-04-23,At Door
2824,2023-08-22,2025-02-07,Patron,15,2025-02-07,Event
1567,2024-08-08,,Individual,6,2026-04-27,Event
1221,2023-11-19,,Patron,3,2026-04-05,Event
7402,2024-05-23,,Family,18,2026-03-07,Gift
2127,2023-08-12,,Individual,6,2026-03-04,Online
3533,2023-02-07,2024-07-28,Family,15,2024-07-28,Event
5409,2024-06-01,,Patron,25,2026-04-15,Event
6862,2023-11-29,2024-04-19,Patron,14,2024-04-19,Online
2398,2024-05-29,,Individual,35,2026-03-21,At Door
4016,2022-03-05,,Dual,18,2026-04-02,Gift
3739,2022-01-22,,Dual,36,2026-04-09,Online
7472,2024-03-22,2024-09-14,Individual,7,2024-09-14,Event
2819,2025-07-06,,Family,40,2026-04-05,Gift
6402,2025-06-13,,Patron,39,2026-03-23,Event
5019,2022-08-11,,Individual,22,2026-04-16,Event
790,2023-08-26,2025-06-26,Individual,1,2025-06-26,At Door
315,2022-08-20,,Family,2,2026-03-19,At Door
7311,2024-06-23,,Individual,13,2026-03-25,At Door
3648,2023-01-25,,Individual,5,2026-03-24,Email Campaign
2577,2024-11-02,,Family,15,2026-04-30,Gift
338,2022-12-12,,Dual,12,2026-04-05,Online
6947,2024-02-03,,Benefactor,2,2026-03-12,At Door
3176,2022-12-17,,Individual,3,2026-03-03,Event
1765,2022-12-24,2023-11-07,Dual,36,2023-11-07,Email Campaign
7929,2023-12-04,,Benefactor,6,2026-03-12,Gift
1977,2024-11-27,,Individual,24,2026-03-19,Gift
500,2022-11-26,,Individual,28,2026-03-23,Online
4645,2023-01-24,2024-05-26,Individual,40,2024-05-26,Event
3740,2023-03-13,,Individual,31,2026-04-14,At Door
6639,2024-06-15,2026-02-18,Individual,7,2026-02-18,Event
813,2022-11-14,,Individual,35,2026-04-02,Event
1175,2023-02-21,2023-10-24,Dual,38,2023-10-24,Event
4366,2023-04-30,,Individual,10,2026-04-05,Online
3632,2022-11-20,2026-02-11,Individual,4,2026-02-11,Event
106,2023-08-24,2025-12-24,Individual,32,2025-12-24,Event
4527,2024-01-28,2025-12-23,Individual,28,2025-12-23,Online
1504,2023-04-15,2024-04-10,Family,28,2024-04-10,At Door
3451,2023-07-28,,Dual,21,2026-04-27,Email Campaign
7546,2023-11-21,,Individual,1,2026-04-19,Online
56,2023-07-08,2025-10-13,Dual,29,2025-10-13,At Door
2669,2025-05-19,2026-02-18,Dual,34,2026-02-18,Gift
6569,2023-08-31,,Benefactor,4,2026-04-18,Online
6775,2023-05-26,,Family,6,2026-03-08,Email Campaign
6922,2024-07-10,2025-03-13,Dual,31,2025-03-13,Event
6676,2022-04-27,,Individual,29,2026-04-11,Email Campaign
1717,2023-06-03,,Individual,16,2026-04-06,Online
4229,2022-09-13,,Family,18,2026-04-02,Event
4580,2022-09-02,2023-06-03,Individual,37,2023-06-03,At Door
5396,2024-01-23,2024-12-08,Family,4,2024-12-08,Event
2548,2023-08-22,2025-12-23,Individual,28,2025-12-23,Online
5581,2025-09-18,2026-02-22,Individual,20,2026-02-22,Event
4322,2023-02-12,,Dual,9,2026-04-26,Online
2760,2023-08-15,2025-12-25,Dual,7,2025-12-25,Event
2925,2022-07-05,,Individual,7,2026-03-03,Email Campaign
2940,2022-05-06,,Dual,37,2026-03-21,Online
2035,2022-05-20,,Dual,37,2026-04-06,Event
3572,2023-07-04,,Dual,13,2026-04-15,At Door
4904,2023-02-16,2025-03-22,Dual,11,2025-03-22,Email Campaign
6892,2022-06-17,2024-04-01,Family,7,2024-04-01,Event
1157,2023-06-19,,Individual,35,2026-03-03,Gift
461,2023-03-28,,Individual,22,2026-03-03,Gift
4477,2023-12-26,,Dual,16,2026-04-25,At Door
3509,2023-03-07,2023-07-17,Patron,40,2023-07-17,Online
5971,2023-03-03,,Individual,17,2026-03-24,Event
6751,2023-06-14,,Individual,10,2026-04-01,Online
4049,2024-04-09,2025-07-08,Family,24,2025-07-08,At Door
86,2024-02-18,,Individual,9,2026-04-23,Email Campaign
2567,2023-01-16,,Patron,34,2026-04-21,Event
3506,2023-04-14,2024-06-29,Benefactor,12,2024-06-29,Gift
6794,2023-06-20,,Individual,34,2026-03-31,At Door
7920,2023-02-24,2025-03-21,Individual,39,2025-03-21,Online
7984,2022-07-18,,Dual,13,2026-04-17,At Door
5829,2022-04-28,,Family,39,2026-03-28,Online
1159,2022-06-15,,Dual,36,2026-03-05,Online
3789,2023-03-29,,Individual,9,2026-03-26,Online
3911,2024-02-19,,Dual,35,2026-03-16,Event
7758,2023-08-12,,Family,17,2026-04-28,Online
1445,2024-03-07,,Individual,8,2026-04-10,Online
2499,2023-06-01,2025-06-14,Dual,4,2025-06-14,At Door
5515,2024-05-02,,Dual,4,2026-04-16,Online
6966,2023-06-03,,Dual,15,2026-04-04,Online
1637,2023-08-01,2025-04-04,Benefactor,7,2025-04-04,Online
6764,2023-07-24,2025-12-09,Benefactor,37,2025-12-09,Event
5497,2022-05-11,,Dual,10,2026-03-23,Event
3322,2025-01-21,2026-02-09,Individual,39,2026-02-09,At Door
4385,2023-03-27,,Dual,26,2026-03-11,Event
3538,2023-06-24,2024-05-29,Patron,4,2024-05-29,Event
3464,2025-03-05,2025-10-19,Individual,4,2025-10-19,Event
4406,2024-08-06,,Family,21,2026-03-14,Online
3002,2025-02-12,,Individual,38,2026-04-01,Online
1490,2024-05-15,,Individual,5,2026-03-09,Online
2460,2023-09-03,2024-12-05,Patron,13,2024-12-05,Online
6869,2022-01-23,,Individual,33,2026-03-07,Event
1051,2024-03-14,,Dual,10,2026-03-07,Online
4260,2024-12-15,,Benefactor,20,2026-04-05,Gift
2776,2022-10-09,2025-11-14,Family,11,2025-11-14,Event
3996,2023-05-23,,Individual,35,2026-03-22,Online
3321,2022-08-02,,Dual,16,2026-03-10,Online
6846,2022-12-20,,Individual,40,2026-04-05,Email Campaign
3785,2022-05-22,2025-12-18,Individual,8,2025-12-18,Event
5627,2022-10-16,2025-01-21,Individual,38,2025-01-21,Email Campaign
4491,2022-08-27,,Patron,17,2026-03-13,Event
152,2023-12-20,,Family,5,2026-04-14,Gift
6210,2022-01-28,,Dual,38,2026-03-27,At Door
6145,2024-06-03,,Individual,17,2026-03-03,Online
325,2023-02-20,,Individual,11,2026-04-08,Email Campaign
3894,2024-10-24,,Individual,1,2026-03-24,Online
3900,2023-07-16,2025-10-25,Individual,26,2025-10-25,Online
4272,2024-01-30,2025-03-08,Patron,6,2025-03-08,Email Campaign
6828,2023-04-12,,Dual,6,2026-04-09,At Door
501,2025-05-28,,Dual,33,2026-03-03,Event
5499,2024-02-01,,Benefactor,25,2026-04-19,Online
5067,2023-01-03,2024-01-21,Dual,23,2024-01-21,Online
2869,2023-01-31,,Individual,8,2026-03-10,Online
7709,2023-07-31,,Dual,21,2026-04-16,Online
28,2023-05-19,,Dual,12,2026-04-30,Event
1302,2024-04-28,,Dual,10,2026-03-24,Online
6132,2023-06-28,2024-03-29,Individual,37,2024-03-29,Online
4609,2023-02-18,,Benefactor,15,2026-04-12,At Door
4352,2023-11-19,,Individual,19,2026-03-19,Event
1222,2023-11-19,,Patron,32,2026-03-24,Online
2898,2022-11-17,,Individual,18,2026-03-01,Online
3278,2023-07-27,,Individual,18,2026-04-03,Gift
5569,2022-07-02,,Individual,15,2026-04-21,Event
7994,2024-11-27,2025-03-26,Dual,39,2025-03-26,At Door
6938,2023-05-06,,Patron,37,2026-03-18,Online
7725,2023-05-16,,Family,18,2026-04-29,Gift
2218,2022-02-07,,Patron,37,2026-03-19,Online
6360,2022-09-16,,Individual,4,2026-03-11,Email Campaign
1088,2023-01-22,2025-01-27,Individual,25,2025-01-27,Online
494,2022-11-01,2024-10-26,Individual,8,2024-10-26,Event
7443,2025-02-22,,Dual,34,2026-04-06,Email Campaign
5429,2023-07-21,,Individual,18,2026-03-21,Email Campaign
3282,2023-01-22,2025-04-03,Individual,5,2025-04-03,Email Campaign
449,2023-01-04,,Patron,16,2026-04-07,At Door
1854,2023-03-09,,Individual,24,2026-03-05,Gift
6304,2022-08-28,,Individual,29,2026-04-30,Online
7090,2022-07-11,,Benefactor,19,2026-03-14,Online
4031,2022-06-23,,Family,36,2026-03-20,Online
153,2024-12-28,,Individual,34,2026-03-04,Online
205,2022-08-17,,Patron,18,2026-03-03,Gift
522,2024-04-04,,Individual,19,2026-04-21,At Door
6278,2023-05-27,,Individual,20,2026-03-30,Online
3129,2023-08-01,2024-09-16,Dual,26,2024-09-16,Email Campaign
4455,2023-03-30,,Dual,3,2026-04-13,Online
1833,2023-07-04,,Dual,26,2026-03-23,Online
1328,2024-06-17,,Individual,36,2026-04-23,Online
4678,2022-03-24,,Individual,19,2026-04-09,Email Campaign
3086,2023-08-24,,Patron,18,2026-03-30,Online
3345,2025-10-09,,Individual,34,2026-03-19,Online
874,2022-11-10,2025-12-19,Patron,19,2025-12-19,Online
1287,2025-01-12,,Individual,4,2026-03-20,At Door
2230,2022-07-08,2025-12-02,Family,23,2025-12-02,Online
241,2022-05-18,,Individual,28,2026-04-08,At Door
7229,2024-06-02,,Individual,20,2026-03-11,Online
834,2023-04-27,,Dual,7,2026-03-23,Event
143,2022-12-18,2025-05-25,Individual,22,2025-05-25,Event
4981,2022-09-13,,Dual,16,2026-03-18,Online
6594,2023-04-14,2024-11-03,Dual,21,2024-11-03,Event
1574,2024-07-04,,Individual,15,2026-04-17,Email Campaign
6347,2024-10-19,,Individual,11,2026-03-30,Event
7347,2022-12-09,2025-11-22,Individual,25,2025-11-22,Online
4505,2022-10-10,2023-11-10,Patron,16,2023-11-10,Online
5948,2022-11-12,,Dual,18,2026-03-14,Gift
7227,2022-10-24,,Individual,3,2026-03-24,Gift
3819,2022-10-12,,Patron,22,2026-03-31,Gift
3031,2022-07-09,,Individual,36,2026-04-19,Email Campaign
2679,2024-02-04,,Patron,37,2026-03-31,At Door
415,2023-11-20,,Dual,27,2026-03-14,Online
4139,2023-02-08,2024-03-06,Dual,37,2024-03-06,Event
2048,2023-09-03,2025-01-13,Individual,19,2025-01-13,Gift
783,2023-01-20,,Individual,1,2026-04-27,Event
2133,2024-05-25,,Individual,33,2026-03-23,Online
1641,2023-11-01,,Dual,6,2026-04-04,Online
7466,2024-02-26,,Benefactor,34,2026-04-18,Online
7884,2022-04-24,2023-09-10,Individual,38,2023-09-10,Online
3326,2022-07-08,2023-07-10,Individual,3,2023-07-10,Email Campaign
5126,2023-06-08,,Patron,39,2026-04-06,Online
1294,2024-10-09,2026-01-18,Dual,21,2026-01-18,Email Campaign
4399,2022-05-22,,Individual,35,2026-04-08,Event
410,2023-09-30,,Individual,30,2026-03-12,Event
2309,2024-07-27,,Family,40,2026-04-12,Online
2166,2024-10-30,,Benefactor,38,2026-03-11,Online
3665,2022-01-11,,Individual,11,2026-03-03,Online
5510,2023-12-10,,Individual,18,2026-04-20,At Door
3042,2023-01-09,,Individual,19,2026-03-24,Online
3026,2024-08-22,,Family,34,2026-03-25,Online
618,2022-11-28,,Patron,22,2026-03-10,Online
3414,2022-03-24,,Patron,38,2026-03-10,At Door
649,2024-06-15,,Individual,9,2026-03-12,Event
1890,2022-03-01,,Individual,6,2026-03-09,Event
6421,2023-11-25,2024-06-16,Benefactor,7,2024-06-16,Email Campaign
6940,2022-07-12,2023-02-08,Family,20,2023-02-08,Online
7730,2024-07-07,2026-02-12,Benefactor,16,2026-02-12,Event
7295,2024-07-13,2026-03-30,Benefactor,39,2026-03-30,At Door
1678,2023-08-15,,Dual,24,2026-03-18,Online
1516,2024-05-22,,Family,17,2026-04-06,Email Campaign
5004,2023-06-28,,Benefactor,22,2026-03-25,Email Campaign
685,2024-09-06,,Dual,24,2026-04-04,Event
3003,2023-08-01,2026-02-22,Dual,18,2026-02-22,Event
3406,2025-05-30,,Individual,15,2026-03-02,Event
396,2022-06-08,,Individual,27,2026-04-07,Online
3970,2023-03-02,,Family,25,2026-03-26,Event
3721,2023-04-28,,Family,23,2026-04-16,Online
4888,2022-02-01,,Individual,11,2026-03-22,Email Campaign
7404,2023-01-11,2025-06-19,Dual,4,2025-06-19,Event
562,2023-06-24,,Individual,33,2026-03-18,Online
3615,2023-03-04,2024-09-20,Individual,8,2024-09-20,Event
3063,2025-02-20,,Individual,37,2026-03-28,Event
4837,2022-06-16,,Dual,39,2026-04-18,Online
1588,2023-10-26,2024-08-11,Dual,4,2024-08-11,Event
1202,2022-05-01,,Dual,27,2026-04-27,At Door
5455,2024-08-17,,Patron,40,2026-04-22,Event
4266,2022-09-23,,Dual,5,2026-04-23,Online
4109,2024-03-17,,Dual,37,2026-04-23,Email Campaign
6465,2023-07-05,,Dual,10,2026-03-03,At Door
6370,2022-09-16,2024-09-30,Individual,5,2024-09-30,Event
2986,2022-09-09,,Family,17,2026-03-14,Online
6503,2022-06-03,2025-06-05,Individual,22,2025-06-05,Event
6663,2022-05-13,2026-03-23,Individual,33,2026-03-23,At Door
7832,2023-06-29,,Family,11,2026-03-12,Email Campaign
1435,2023-04-18,,Individual,16,2026-03-31,Online
2644,2022-10-04,,Individual,34,2026-04-08,At Door
2825,2023-10-14,,Dual,18,2026-04-24,Event
7922,2022-10-31,,Individual,33,2026-04-28,Online
3651,2023-11-27,,Patron,25,2026-04-24,Event
3111,2023-04-08,,Benefactor,22,2026-04-04,At Door
2537,2022-12-10,2025-07-17,Family,36,2025-07-17,At Door
901,2024-03-01,,Individual,16,2026-04-02,At Door
4189,2022-10-16,,Individual,12,2026-03-28,Online
1505,2024-06-14,,Dual,29,2026-04-15,At Door
6313,2023-02-05,,Individual,9,2026-04-20,Event
110,2022-04-06,,Dual,11,2026-04-02,Gift
6837,2023-08-02,,Patron,38,2026-03-28,Email Campaign
4218,2024-10-20,2025-10-14,Benefactor,24,2025-10-14,Event
3153,2023-01-01,2025-06-09,Patron,22,2025-06-09,Online
2006,2023-08-18,,Patron,11,2026-03-16,Online
1255,2024-12-29,,Individual,16,2026-03-23,Email Campaign
3868,2024-01-17,,Individual,8,2026-04-12,At Door
7366,2022-06-27,,Family,6,2026-04-07,Gift
6565,2023-06-27,,Dual,31,2026-04-09,Online
4443,2023-04-17,,Dual,3,2026-04-04,Event
4287,2023-05-17,2024-02-15,Individual,13,2024-02-15,At Door
7030,2024-01-08,,Individual,32,2026-03-01,Online
3159,2022-09-25,,Family,29,2026-03-07,Event
568,2022-10-23,,Patron,6,2026-03-16,Online
7721,2023-12-25,,Individual,38,2026-03-29,Gift
6906,2023-07-07,2025-12-29,Family,20,2025-12-29,Event
2947,2022-05-14,2025-07-07,Patron,11,2025-07-07,Gift
2481,2023-02-10,2023-10-30,Dual,25,2023-10-30,Online
6302,2022-07-05,,Dual,36,2026-03-03,Email Campaign
1691,2024-12-26,,Patron,21,2026-03-28,At Door
1174,2023-04-12,2024-08-20,Dual,38,2024-08-20,At Door
7503,2022-05-27,,Individual,1,2026-04-15,At Door
6931,2023-09-25,2025-12-17,Patron,28,2025-12-17,Event
6064,2023-11-07,,Individual,11,2026-04-20,Event
7876,2022-10-16,,Dual,35,2026-04-19,Gift
2997,2023-07-23,,Dual,6,2026-03-02,Event
220,2022-12-06,,Benefactor,21,2026-03-05,Online
6399,2022-06-21,,Patron,23,2026-03-22,At Door
747,2023-01-13,,Dual,3,2026-03-11,At Door
4001,2022-12-22,,Individual,24,2026-04-14,Online
132,2022-10-30,,Dual,2,2026-03-16,Online
6391,2023-06-25,,Individual,32,2026-03-18,Event
6878,2022-12-16,,Dual,34,2026-03-19,Online
7662,2024-03-21,2024-11-15,Benefactor,6,2024-11-15,Online
627,2022-12-23,2023-12-01,Individual,7,2023-12-01,Online
2022,2022-09-09,,Individual,6,2026-03-23,At Door
1877,2024-03-17,,Individual,24,2026-03-03,Event
3008,2022-03-12,,Individual,26,2026-03-31,Online
1903,2024-06-21,,Individual,40,2026-03-22,Online
5812,2023-01-17,,Individual,32,2026-03-30,Email Campaign
3759,2023-11-17,,Benefactor,6,2026-04-08,Online
3630,2022-12-03,2024-07-18,Individual,40,2024-07-18,Online
4120,2022-08-09,,Individual,2,2026-03-26,At Door
1562,2022-04-26,2023-06-27,Family,7,2023-06-27,At Door
6921,2022-03-21,,Individual,28,2026-03-11,Event
4810,2022-12-24,,Individual,10,2026-04-01,Event
1360,2022-09-18,,Individual,5,2026-03-08,Gift
3854,2022-02-06,,Individual,36,2026-04-24,Online
6361,2023-01-03,2024-06-20,Individual,33,2024-06-20,Online
2886,2023-07-21,,Family,34,2026-03-31,Online
3149,2023-12-04,,Patron,25,2026-03-31,Gift
4976,2022-03-26,,Family,14,2026-04-07,Online
5623,2025-06-08,,Individual,13,2026-04-15,Event
4387,2023-03-09,2026-04-15,Individual,2,2026-04-15,Gift
4498,2022-03-08,,Individual,33,2026-03-09,Online
2051,2024-01-14,2026-03-27,Individual,30,2026-03-27,At Door
4510,2023-11-08,,Patron,15,2026-04-19,Online
3829,2022-03-16,2023-01-01,Dual,23,2023-01-01,Event
7496,2022-07-11,2024-12-18,Benefactor,14,2024-12-18,At Door
5286,2025-05-16,,Individual,29,2026-03-01,At Door
3274,2024-02-11,,Individual,20,2026-04-28,Online
354,2023-08-09,2024-06-23,Dual,27,2024-06-23,Email Campaign
1354,2024-03-22,2026-01-25,Dual,8,2026-01-25,At Door
1788,2023-09-01,,Family,6,2026-03-29,Online
6323,2024-05-22,,Benefactor,3,2026-03-17,At Door
7453,2022-10-03,,Family,21,2026-04-06,Online
7887,2022-05-15,2025-01-24,Individual,9,2025-01-24,Online
7155,2022-04-09,,Benefactor,15,2026-03-12,Online
5593,2022-03-31,2025-07-26,Individual,22,2025-07-26,Online
538,2022-03-14,,Family,7,2026-03-20,Online
1740,2024-10-09,,Family,18,2026-04-13,Event
234,2024-03-02,2025-09-17,Dual,38,2025-09-17,Online
3848,2023-11-01,2024-07-07,Individual,19,2024-07-07,At Door
964,2024-02-14,,Dual,10,2026-03-12,Event
6502,2024-05-25,2026-02-22,Individual,5,2026-02-22,Email Campaign
2542,2023-05-09,,Patron,25,2026-03-29,Event
7013,2024-07-28,2025-01-03,Dual,18,2025-01-03,Gift
2442,2024-10-22,2025-04-28,Individual,26,2025-04-28,Online
2989,2023-05-16,2025-07-14,Individual,7,2025-07-14,Online
5065,2024-01-08,,Individual,30,2026-03-03,At Door
5355,2023-09-09,2025-07-19,Family,36,2025-07-19,Gift
6119,2022-11-04,,Benefactor,6,2026-04-18,At Door
7076,2023-04-14,,Benefactor,26,2026-04-19,Online
6326,2022-10-27,,Individual,20,2026-03-01,At Door
1440,2025-03-07,2025-08-31,Family,13,2025-08-31,Event
5779,2023-10-12,,Family,11,2026-04-03,Online
3875,2022-11-02,,Individual,12,2026-03-22,At Door
2907,2023-01-01,,Family,4,2026-03-24,Event
2465,2023-09-16,,Family,36,2026-03-16,Email Campaign
5579,2023-01-31,,Dual,29,2026-04-16,Event
6990,2023-04-28,,Benefactor,10,2026-03-10,Email Campaign
4887,2022-08-28,2025-12-21,Dual,30,2025-12-21,Event
6142,2023-01-12,,Individual,2,2026-03-10,Event
564,2024-06-07,,Patron,11,2026-03-12,Event
1791,2022-09-11,,Dual,31,2026-03-01,Email Campaign
3805,2022-05-19,2022-10-29,Patron,17,2022-10-29,At Door
3932,2025-09-19,,Patron,1,2026-04-01,Event
6714,2022-11-12,,Family,8,2026-03-18,Online
7625,2023-07-22,2024-01-26,Dual,12,2024-01-26,Online
2820,2022-12-19,,Dual,8,2026-03-14,Online
1307,2023-02-18,,Individual,2,2026-04-29,Event
3569,2023-03-17,2024-05-10,Individual,18,2024-05-10,Online
4045,2022-07-17,,Benefactor,11,2026-04-05,Event
6891,2024-02-27,2024-10-19,Benefactor,17,2024-10-19,Event
2755,2024-05-30,,Individual,29,2026-04-17,At Door
6077,2022-09-24,,Dual,16,2026-04-04,Online
607,2022-10-11,2024-03-05,Family,37,2024-03-05,Online
7696,2024-09-22,,Individual,34,2026-03-19,Online
3497,2024-07-01,,Individual,35,2026-03-15,Online
5945,2023-07-07,,Dual,17,2026-03-01,Online
6769,2022-06-26,,Dual,27,2026-04-20,Event
2704,2023-03-05,,Individual,27,2026-04-26,Online
1331,2023-08-30,,Individual,24,2026-04-19,Event
7224,2024-08-19,,Individual,11,2026-04-03,At Door
311,2024-08-27,,Individual,36,2026-04-22,Online
4571,2023-05-15,,Individual,1,2026-04-12,Event
535,2023-11-05,,Dual,7,2026-03-25,Event
4075,2023-01-02,,Patron,2,2026-04-21,At Door
2639,2023-07-22,2025-05-05,Individual,27,2025-05-05,Event
6859,2023-04-16,,Individual,34,2026-04-28,Online
7830,2022-09-26,,Dual,27,2026-04-13,At Door
1049,2023-06-03,2025-08-30,Individual,1,2025-08-30,At Door
6332,2023-08-09,,Dual,7,2026-03-23,Online
2913,2025-01-22,2025-09-24,Family,9,2025-09-24,Event
6513,2022-10-11,,Individual,17,2026-03-21,At Door
6570,2023-09-13,2026-03-22,Individual,9,2026-03-22,Online
5614,2023-06-23,2025-11-23,Dual,33,2025-11-23,Online
4988,2023-04-13,,Individual,19,2026-03-22,Online
2049,2022-05-20,2025-04-03,Benefactor,12,2025-04-03,At Door
7422,2022-06-16,,Dual,2,2026-04-22,Email Campaign
6409,2023-06-25,,Family,33,2026-04-20,Event
4613,2022-12-06,,Individual,27,2026-04-21,Event
237,2024-10-27,2025-04-28,Family,7,2025-04-28,Event
7007,2024-05-14,2025-06-19,Benefactor,17,2025-06-19,Gift
156,2023-10-22,2026-01-08,Family,7,2026-01-08,At Door
1357,2024-06-09,2024-10-20,Individual,38,2024-10-20,Online
5484,2022-06-25,,Individual,2,2026-03-08,At Door
7540,2022-04-08,2023-03-02,Dual,14,2023-03-02,At Door
3705,2023-03-08,2024-05-11,Benefactor,12,2024-05-11,Gift
4027,2023-04-03,,Dual,4,2026-03-20,Event
2463,2022-07-17,2023-01-29,Dual,5,2023-01-29,Online
5710,2023-12-18,2024-09-13,Family,8,2024-09-13,Event
4421,2025-05-06,,Individual,16,2026-03-17,At Door
3219,2023-02-20,,Benefactor,16,2026-03-18,Online
2789,2023-07-27,,Individual,40,2026-03-10,Event
1916,2023-01-07,,Individual,24,2026-04-28,Email Campaign
6447,2022-10-04,2025-07-16,Dual,17,2025-07-16,Email Campaign
875,2025-01-27,2026-02-27,Individual,8,2026-02-27,At Door
2595,2022-07-28,,Benefactor,18,2026-03-29,Gift
6101,2025-07-19,,Individual,2,2026-04-19,Online
4620,2023-06-06,,Family,9,2026-04-06,At Door
7583,2023-02-03,2026-02-22,Patron,8,2026-02-22,Online
3051,2023-03-01,,Individual,38,2026-03-27,Online
5263,2022-01-08,,Family,21,2026-03-05,Event
481,2023-05-26,,Patron,30,2026-03-06,Online
3532,2023-07-13,,Benefactor,34,2026-03-29,Online
4975,2022-07-31,,Individual,21,2026-03-20,At Door
678,2025-10-28,2026-04-03,Individual,16,2026-04-03,At Door
5915,2024-03-30,,Individual,14,2026-04-08,At Door
5479,2022-07-05,,Family,3,2026-03-25,Event
3170,2022-10-08,,Individual,9,2026-03-15,Event
606,2024-02-24,,Individual,31,2026-04-30,Online
842,2023-12-26,2024-08-17,Family,5,2024-08-17,Email Campaign
1463,2022-08-03,2025-03-28,Individual,6,2025-03-28,Event
3984,2023-02-14,,Individual,28,2026-03-30,Email Campaign
5298,2023-01-03,2026-04-19,Dual,16,2026-04-19,Online
985,2024-01-11,,Patron,10,2026-04-05,Online
700,2022-05-21,2024-07-20,Patron,37,2024-07-20,Online
6058,2023-08-15,,Dual,39,2026-04-21,Gift
7512,2024-09-16,,Dual,7,2026-04-29,At Door
1800,2022-11-16,2024-04-17,Dual,28,2024-04-17,At Door
7469,2023-01-02,,Benefactor,22,2026-03-19,Online
4764,2024-05-03,,Dual,33,2026-03-01,Email Campaign
2469,2023-08-19,,Dual,33,2026-04-14,Online
4054,2024-03-02,,Dual,30,2026-04-19,Online
3104,2022-03-19,2026-03-02,Family,37,2026-03-02,At Door
2752,2023-10-13,,Family,1,2026-04-09,Online
6599,2023-08-18,2026-03-10,Individual,7,2026-03-10,At Door
5250,2022-08-22,,Benefactor,40,2026-03-04,Event
932,2022-02-13,,Dual,28,2026-04-05,Online
6476,2023-11-27,,Dual,14,2026-03-09,Email Campaign
7554,2024-07-30,,Benefactor,28,2026-04-20,Email Campaign
1645,2024-02-17,,Individual,30,2026-04-10,Online
6133,2022-07-24,,Patron,16,2026-03-09,Gift
4502,2023-11-02,,Individual,1,2026-03-07,Online
4883,2023-09-02,2025-03-31,Family,34,2025-03-31,Email Campaign
7149,2022-09-11,2025-09-25,Individual,7,2025-09-25,Online
1594,2024-02-11,,Dual,33,2026-04-28,At Door
2841,2022-09-17,,Individual,30,2026-04-14,At Door
5592,2022-12-05,,Individual,11,2026-03-15,At Door
5277,2022-04-09,,Individual,29,2026-03-05,Gift
99,2024-11-07,,Family,13,2026-04-13,Online
7353,2025-04-27,,Dual,15,2026-03-13,Online
3548,2023-03-23,,Family,5,2026-03-13,Event
5649,2023-12-08,,Dual,39,2026-04-09,Online
161,2022-10-23,,Dual,29,2026-03-05,Event
2423,2023-08-20,,Family,16,2026-04-02,At Door
969,2025-02-09,,Dual,7,2026-03-30,Event
5542,2024-06-13,,Individual,5,2026-04-07,At Door
309,2023-03-06,2023-06-20,Patron,19,2023-06-20,At Door
2713,2022-08-07,2024-05-17,Individual,31,2024-05-17,Online
2347,2023-04-05,,Individual,40,2026-03-05,Event
7768,2022-03-29,,Individual,5,2026-04-23,Online
7147,2022-11-22,,Individual,33,2026-03-24,Online
1551,2024-02-18,2025-03-16,Patron,29,2025-03-16,Gift
4954,2024-06-20,2026-01-15,Dual,20,2026-01-15,At Door
6689,2022-07-08,,Individual,6,2026-03-12,At Door
3990,2023-04-26,2025-10-04,Family,11,2025-10-04,Event
6079,2023-06-04,2024-04-18,Individual,3,2024-04-18,Online
6154,2023-12-04,,Individual,16,2026-03-10,Event
7562,2023-03-04,,Individual,34,2026-03-20,Email Campaign
3578,2025-06-01,2025-12-31,Family,31,2025-12-31,At Door
1261,2022-03-06,,Individual,5,2026-04-02,Gift
5629,2024-12-29,,Individual,11,2026-03-24,Event
7028,2023-02-12,,Individual,22,2026-04-24,Online
1965,2022-03-20,,Family,16,2026-03-20,Online
2848,2023-01-09,2024-11-20,Dual,5,2024-11-20,At Door
4752,2022-02-08,,Patron,15,2026-04-20,Event
5238,2022-05-17,,Individual,1,2026-04-11,Online
735,2023-11-19,,Patron,33,2026-03-18,At Door
4508,2024-01-06,,Patron,37,2026-03-01,Event
5963,2022-03-14,,Individual,34,2026-03-26,Online
5141,2024-07-19,2026-02-11,Individual,19,2026-02-11,At Door
3794,2023-09-19,,Individual,24,2026-04-06,Online
7863,2025-01-30,2025-11-18,Individual,22,2025-11-18,Email Campaign
2573,2022-03-23,,Patron,2,2026-04-12,Email Campaign
4787,2022-01-30,,Individual,5,2026-04-10,Online
1971,2023-01-28,,Dual,11,2026-04-13,Email Campaign
5261,2023-04-13,2024-10-26,Individual,30,2024-10-26,Email Campaign
2288,2025-02-12,,Family,1,2026-04-10,At Door
6729,2022-10-25,2023-10-07,Benefactor,40,2023-10-07,Event
109,2023-10-31,,Individual,28,2026-03-05,At Door
3087,2024-05-14,,Dual,31,2026-04-21,Event
6991,2022-06-19,,Dual,11,2026-03-14,Event
6802,2023-05-20,2026-01-21,Dual,28,2026-01-21,Online
7215,2023-11-02,2025-06-15,Dual,35,2025-06-15,Event
2953,2022-11-02,,Individual,13,2026-04-06,Event
3353,2024-02-11,2024-12-28,Dual,34,2024-12-28,Email Campaign
2294,2024-02-27,2025-10-08,Dual,35,2025-10-08,Event
7713,2022-05-18,,Individual,24,2026-03-15,Email Campaign
171,2024-01-04,,Family,32,2026-04-19,At Door
89,2024-02-15,2024-12-10,Individual,16,2024-12-10,At Door
2853,2022-09-17,2024-07-08,Family,22,2024-07-08,Event
4327,2022-10-10,2026-03-26,Individual,31,2026-03-26,At Door
7823,2022-12-05,,Benefactor,9,2026-03-21,At Door
6655,2023-10-26,,Dual,40,2026-03-05,Event
5098,2025-05-17,,Family,38,2026-04-17,Online
1317,2024-07-21,,Dual,17,2026-03-17,Event
7873,2024-11-16,,Patron,14,2026-03-28,Event
6578,2023-09-28,2024-04-06,Dual,3,2024-04-06,Email Campaign
690,2024-01-03,2025-02-01,Individual,8,2025-02-01,Online
3602,2023-05-27,,Individual,22,2026-04-06,At Door
7283,2025-04-05,2025-09-29,Individual,15,2025-09-29,Event
6331,2024-04-30,,Patron,22,2026-03-23,Email Campaign
1208,2023-09-08,,Patron,20,2026-03-29,At Door
7296,2022-03-25,,Dual,12,2026-04-15,Online
855,2024-01-23,2025-10-01,Benefactor,11,2025-10-01,At Door
1796,2022-05-19,,Individual,23,2026-03-19,At Door
1842,2023-07-15,,Benefactor,12,2026-03-05,At Door
4021,2022-08-16,2025-04-17,Individual,5,2025-04-17,At Door
2422,2022-09-15,,Individual,21,2026-04-24,Email Campaign
4308,2022-11-21,,Benefactor,26,2026-03-20,Event
6016,2022-12-29,,Dual,37,2026-04-02,Online
2746,2022-02-16,,Individual,18,2026-04-06,Event
5702,2024-04-09,,Individual,4,2026-04-14,Online
3075,2024-03-21,,Family,18,2026-04-17,Online
5543,2023-08-24,,Individual,13,2026-04-12,Email Campaign
7996,2023-10-04,,Dual,19,2026-03-15,Online
1027,2023-06-08,,Family,23,2026-03-14,Online
1375,2022-02-11,,Benefactor,9,2026-04-05,Event
1260,2023-08-30,,Benefactor,9,2026-04-04,Event
4312,2022-05-02,,Dual,38,2026-04-12,Online
1941,2022-12-20,,Patron,9,2026-03-08,Event
5544,2023-07-16,,Patron,5,2026-03-09,At Door
1348,2025-06-14,,Individual,26,2026-04-22,At Door
3492,2023-01-22,2023-12-22,Individual,18,2023-12-22,Online
2069,2022-08-10,,Family,11,2026-03-06,Event
3269,2023-05-12,,Family,19,2026-04-05,Event
2701,2023-01-29,,Individual,20,2026-04-20,Email Campaign
776,2022-01-11,,Individual,34,2026-03-02,Event
4966,2023-12-29,,Patron,13,2026-03-18,Online
3671,2024-03-13,,Patron,11,2026-04-16,Online
4690,2024-08-07,,Individual,26,2026-04-02,Event
1306,2022-08-24,2023-08-11,Individual,16,2023-08-11,At Door
1749,2023-03-25,,Patron,35,2026-03-24,Online
3155,2022-08-22,,Dual,8,2026-04-11,At Door
7125,2022-06-19,,Individual,40,2026-03-23,At Door
7023,2022-08-10,,Individual,5,2026-04-06,Online
5248,2023-05-04,,Individual,6,2026-04-01,Online
3711,2023-09-04,2023-12-24,Family,16,2023-12-24,Gift
1808,2023-11-28,,Dual,32,2026-03-09,Event
3400,2024-09-06,,Individual,20,2026-04-11,Online
7818,2024-05-20,,Family,14,2026-03-02,Gift
3209,2022-10-13,,Individual,21,2026-04-02,Online
821,2022-06-13,,Patron,4,2026-03-02,Email Campaign
1604,2025-10-04,,Dual,18,2026-04-08,Online
4210,2023-03-04,2024-03-09,Individual,29,2024-03-09,At Door
5724,2022-05-30,,Dual,4,2026-04-20,Online
4712,2022-07-12,2025-12-08,Individual,40,2025-12-08,At Door
6167,2024-01-20,,Individual,8,2026-03-14,Online
5528,2022-06-21,,Dual,16,2026-03-13,Online
445,2022-11-23,,Dual,29,2026-04-20,Event
3748,2024-01-19,,Individual,21,2026-03-14,Event
3605,2023-07-17,,Dual,30,2026-04-12,At Door
4621,2023-04-11,2024-12-31,Individual,36,2024-12-31,Event
4757,2022-10-19,,Benefactor,22,2026-04-14,Online
6684,2022-05-28,2024-07-16,Family,26,2024-07-16,Event
3933,2023-02-09,2025-01-31,Individual,18,2025-01-31,At Door
665,2022-02-25,,Individual,21,2026-04-16,Event
1330,2022-01-13,,Dual,11,2026-04-07,Gift
264,2022-03-27,,Individual,27,2026-04-05,Event
4129,2023-11-20,2026-02-05,Individual,18,2026-02-05,Email Campaign
4336,2022-02-19,,Family,32,2026-03-21,Online
134,2024-05-10,2025-08-27,Individual,20,2025-08-27,Gift
5660,2022-03-09,2023-10-14,Individual,26,2023-10-14,At Door
863,2022-02-23,,Individual,28,2026-04-18,Email Campaign
3058,2022-08-10,,Individual,26,2026-03-16,Online
6951,2023-06-28,,Dual,38,2026-03-04,At Door
5757,2022-08-08,,Family,6,2026-03-01,Email Campaign
4751,2024-07-23,,Individual,15,2026-03-28,Email Campaign
2115,2023-10-16,,Individual,16,2026-04-26,Online
3910,2024-06-01,,Individual,24,2026-03-12,Event
6910,2025-03-30,2025-08-18,Individual,11,2025-08-18,Event
1868,2022-07-28,,Family,29,2026-03-25,Event
923,2023-05-07,2023-08-08,Family,17,2023-08-08,Online
950,2023-09-10,,Dual,18,2026-04-22,Online
2375,2022-06-04,,Individual,29,2026-04-30,Online
4594,2023-02-08,,Individual,30,2026-03-02,Online
2843,2022-09-08,,Individual,40,2026-04-16,Gift
1957,2024-11-07,,Individual,34,2026-04-04,At Door
5995,2024-07-11,2024-10-13,Individual,26,2024-10-13,Event
2872,2022-12-19,,Family,20,2026-03-11,Online
6151,2023-01-29,2024-08-10,Dual,10,2024-08-10,Online
1476,2022-09-06,,Patron,36,2026-03-04,Online
4568,2024-06-14,,Individual,5,2026-03-31,Event
5365,2023-03-04,,Dual,23,2026-03-13,At Door
178,2023-10-29,,Patron,14,2026-03-09,Online
4316,2024-03-20,,Dual,39,2026-03-23,Email Campaign
6137,2024-09-13,,Individual,8,2026-04-21,At Door
6291,2022-12-14,,Individual,39,2026-04-03,Event
3870,2023-04-20,,Individual,14,2026-04-24,At Door
4427,2022-10-17,,Individual,17,2026-03-30,Online
7620,2023-07-03,,Family,11,2026-03-10,Event
282,2023-08-06,,Dual,14,2026-03-03,At Door
7388,2023-03-19,2024-09-26,Individual,30,2024-09-26,Event
3325,2023-02-10,,Individual,14,2026-03-05,Event
451,2022-07-08,,Dual,9,2026-03-09,Event
2895,2023-03-08,2023-09-11,Benefactor,20,2023-09-11,Gift
5858,2023-01-30,,Patron,3,2026-03-04,At Door
1399,2022-07-08,,Dual,15,2026-04-12,Online
846,2024-05-09,,Family,37,2026-03-21,Online
5473,2023-01-09,,Dual,20,2026-03-15,Online
3915,2023-07-06,,Individual,40,2026-03-20,Online
1298,2022-06-23,,Individual,3,2026-04-15,Online
2482,2023-03-11,,Individual,5,2026-04-15,Online
6784,2022-07-18,,Patron,5,2026-03-12,Email Campaign
877,2025-01-07,,Individual,35,2026-03-13,Online
5405,2022-10-02,,Individual,5,2026-04-29,Online
6781,2023-04-27,2023-12-17,Individual,26,2023-12-17,Gift
1392,2022-11-30,2024-08-12,Patron,6,2024-08-12,Online
653,2023-12-29,,Dual,8,2026-04-03,Online
2192,2023-01-17,,Benefactor,12,2026-04-28,Event
3539,2022-10-23,,Individual,37,2026-04-10,Online
5219,2025-01-14,,Individual,25,2026-03-16,At Door
543,2023-01-20,,Individual,22,2026-03-29,At Door
5099,2023-02-08,,Dual,23,2026-04-11,Online
2207,2022-08-16,,Individual,20,2026-03-19,At Door
5017,2023-06-15,,Patron,39,2026-04-27,At Door
567,2023-04-05,2025-10-03,Individual,23,2025-10-03,Online
7256,2025-12-03,,Individual,5,2026-04-04,Event
6514,2022-09-29,,Patron,29,2026-03-17,Event
7897,2023-10-30,2024-09-16,Family,25,2024-09-16,At Door
831,2022-12-21,,Individual,9,2026-04-26,Online
4733,2022-02-22,,Family,12,2026-03-17,Online
5404,2022-08-15,,Individual,16,2026-03-23,Online
4685,2023-12-08,,Individual,12,2026-03-03,Online
4438,2023-11-04,,Dual,24,2026-03-25,At Door
471,2024-07-09,2025-08-25,Patron,26,2025-08-25,Gift
208,2023-11-19,,Dual,5,2026-03-14,At Door
3883,2023-10-12,,Dual,32,2026-03-07,Email Campaign
5117,2022-05-04,,Family,36,2026-03-04,Event
3845,2023-05-03,,Family,21,2026-03-22,Email Campaign
1213,2024-09-02,,Individual,12,2026-03-26,At Door
7330,2024-05-18,,Individual,23,2026-04-04,Event
3014,2022-12-23,,Dual,24,2026-03-04,Online
4686,2022-11-03,,Individual,38,2026-04-19,Online
3844,2024-06-05,,Patron,35,2026-03-21,At Door
3657,2022-11-05,,Individual,30,2026-03-18,Online
7624,2022-04-04,2022-09-09,Dual,29,2022-09-09,Email Campaign
5085,2022-12-04,2024-02-26,Benefactor,10,2024-02-26,Online
571,2024-05-13,2025-02-05,Family,36,2025-02-05,Gift
3152,2023-01-19,,Individual,6,2026-04-07,Online
6048,2023-12-19,,Dual,28,2026-04-24,Online
7789,2024-07-26,2025-10-31,Individual,36,2025-10-31,Email Campaign
5322,2022-02-09,,Patron,18,2026-03-05,Event
3136,2023-10-14,2025-10-20,Individual,33,2025-10-20,Gift
1920,2023-04-07,,Individual,8,2026-04-19,Event
4963,2023-07-21,,Patron,14,2026-03-14,Event
3627,2023-12-06,2025-02-23,Patron,18,2025-02-23,At Door
4554,2022-01-18,,Individual,22,2026-04-24,Online
4918,2024-07-28,,Dual,8,2026-03-11,Online
4294,2024-05-05,2025-05-27,Family,31,2025-05-27,Online
6741,2022-09-29,,Patron,40,2026-04-07,Event
4900,2023-05-02,,Family,36,2026-03-03,Online
5032,2025-06-26,2025-12-29,Individual,25,2025-12-29,At Door
7069,2023-02-28,,Patron,12,2026-03-24,At Door
3194,2022-09-15,,Family,31,2026-04-14,Event
7584,2024-03-02,,Dual,33,2026-03-21,Online
1095,2023-04-23,,Individual,15,2026-04-30,Online
498,2022-06-12,2025-08-31,Individual,40,2025-08-31,Online
4088,2023-12-14,,Individual,14,2026-03-13,Online
3983,2022-03-08,2025-08-16,Individual,29,2025-08-16,Online
6536,2024-10-17,2025-12-10,Family,29,2025-12-10,Online
2511,2023-07-30,2024-05-24,Family,22,2024-05-24,Email Campaign
430,2022-10-25,,Individual,17,2026-03-18,Gift
4564,2023-07-06,,Individual,14,2026-03-23,At Door
2801,2023-06-24,2024-10-23,Dual,26,2024-10-23,Online
5743,2022-07-06,2024-06-09,Dual,25,2024-06-09,Event
7790,2022-08-23,2023-01-06,Individual,16,2023-01-06,Email Campaign
2488,2024-09-01,2025-09-24,Individual,18,2025-09-24,Event
7077,2023-06-14,,Individual,24,2026-03-09,Gift
7783,2023-06-25,2023-12-08,Individual,14,2023-12-08,At Door
117,2024-01-26,2025-09-14,Individual,8,2025-09-14,Online
3245,2024-01-15,,Individual,24,2026-03-30,Event
4093,2024-01-26,2025-06-13,Individual,5,2025-06-13,Online
731,2023-01-25,,Patron,30,2026-03-18,Online
3392,2024-06-15,,Individual,1,2026-03-20,Gift
1932,2023-12-31,2025-01-06,Individual,40,2025-01-06,At Door
1619,2023-12-06,2025-11-09,Family,24,2025-11-09,At Door
286,2022-10-16,,Individual,16,2026-04-11,Event
6716,2023-09-19,,Dual,18,2026-03-24,Event
5340,2023-12-08,,Individual,6,2026-03-24,Online
7134,2022-09-25,2023-12-02,Family,27,2023-12-02,At Door
5280,2024-08-09,2025-07-16,Individual,20,2025-07-16,Email Campaign
7100,2023-03-28,,Individual,35,2026-03-17,Email Campaign
3853,2023-10-25,,Individual,39,2026-04-03,Online
4657,2023-01-05,2025-06-18,Benefactor,26,2025-06-18,Event
5856,2022-07-03,2025-04-10,Dual,5,2025-04-10,At Door
4476,2024-09-15,,Individual,9,2026-04-29,Online
5899,2022-08-20,,Family,19,2026-04-27,Online
1785,2023-01-12,,Individual,27,2026-03-29,Online
7630,2022-12-29,2023-05-11,Family,24,2023-05-11,At Door
7293,2023-05-10,,Individual,23,2026-04-06,Event
5027,2023-06-30,,Benefactor,19,2026-03-11,Online
5146,2023-05-03,,Dual,8,2026-03-08,At Door
477,2024-01-14,,Individual,30,2026-03-20,Email Campaign
6459,2023-10-31,,Patron,9,2026-03-20,At Door
7615,2025-02-22,,Dual,21,2026-03-17,Online
6715,2023-03-08,,Family,28,2026-03-01,At Door
5111,2024-03-18,,Dual,8,2026-03-31,Event
4626,2024-04-24,2024-08-07,Family,39,2024-08-07,Gift
2101,2023-04-08,,Family,40,2026-03-07,Online
7854,2023-01-24,,Dual,29,2026-04-27,Online
4192,2022-05-23,,Family,34,2026-03-18,Event
3706,2022-07-15,,Family,13,2026-04-16,At Door
780,2022-09-10,,Benefactor,37,2026-04-16,Online
5980,2024-05-22,,Benefactor,14,2026-03-28,Event
6643,2023-10-13,2025-09-11,Dual,38,2025-09-11,Event
5648,2023-04-01,,Individual,21,2026-04-26,Online
7582,2022-09-06,,Individual,39,2026-04-03,Event
7084,2023-05-18,,Benefactor,37,2026-03-27,At Door
5384,2023-09-29,2024-05-12,Patron,4,2024-05-12,Online
5935,2024-05-23,,Dual,10,2026-04-03,At Door
6893,2023-09-29,,Family,11,2026-03-10,Online
2828,2024-02-24,,Dual,36,2026-03-29,At Door
